Broche;Fonction MaxxECU;Repère fil;Section mm²;Couleur;Destination
CMC1.A1;GP OUT 5;LIBRE;;;
CMC1.A2;IGNITION CYL 1;IGN-01;0,5;BU;COIL1.3 (Commande IGN)
CMC1.A3;IGNITION CYL 2;IGN-02;0,5;BU;COIL2.3 (Commande IGN)
CMC1.A4;TACH / GP OUT 8;LIBRE;;;
CMC1.B1;GP OUT 6;RLY-02;0,5;GN;K3.85 (Bobine − (GPO6))
CMC1.B2;IGNITION CYL 3;IGN-03;0,5;BU;COIL3.3 (Commande IGN)
CMC1.B3;IGNITION CYL 4;IGN-04;0,5;BU;COIL4.3 (Commande IGN)
CMC1.B4;GP OUT 1;ACT-01;0,75;GN;MAC.2 (Commande GPO1)
CMC1.C1;DIGITAL IN 3 (GP OUT 7 déclaré en entrée);COM-06;0,5;WH/YE;K5.30 (Contact → entrée DIN3 (CMC1 C1))
CMC1.C2;IGNITION CYL 5;IGN-05;0,5;BU;COIL5.3 (Commande IGN)
CMC1.C3;IGNITION CYL 6;IGN-06;0,5;BU;COIL6.3 (Commande IGN)
CMC1.C4;GP OUT 2;RLY-01;0,5;GN;K2.85 (Bobine − (GPO2))
CMC1.D1;WBO2 HTR (pin 3 LSU 4.9) / GP OUT 9;WBO-05;0,75;GN;LSU.3 (Chauffage −)
CMC1.D2;IGNITION CYL 7;LIBRE;;;
CMC1.D3;IGNITION CYL 8;LIBRE;;;
CMC1.D4;GP OUT 3;ACT-02;0,75;GN;VANOS.2 (Commande (masse))
CMC1.E1;CAN H (120 Ω intégrée);COM-23;0,5;YE/BK;CANDEV.H (CAN H)
CMC1.E2;CAN L;COM-24;0,5;GN/BK;CANDEV.L (CAN L)
CMC1.E3;SHIELD GND;SYNC-07;0,5;BK/WH;SPL-SHLD (Blindages → Shield GND)
CMC1.E4;GP OUT 4;LIBRE;;;
CMC1.F1;COOLANT SENSOR (CLT);SNS-12;0,5;YE;CLT.1 (Signal NTC)
CMC1.F2;AIR TEMP SENSOR (IAT);SNS-11;0,5;YE/BK;IAT.1 (Signal NTC)
CMC1.F3;WBO2 COM;WBO-02;0,5;YE;LSU.2 (VM / COM)
CMC1.F4;WBO2 VS / O2 IN;WBO-04;0,5;BN;LSU.6 (VS (UN / Nernst))
CMC1.G1;+5 V SENSOR SUPPLY;SNS-01;0,5;OG;SPL-5V-MAIN (+5 V — départ ECU)
CMC1.G2;THROTTLE SENSOR (TPS);DBW-03;0,5;WH;ETB.1 (TPS 1)
CMC1.G3;WBO2 IP;WBO-01;0,5;WH;LSU.1 (IP (pompe))
CMC1.G4;WBO2 RCAL;WBO-03;0,5;GN;LSU.5 (RCAL (IA))
CMC1.H1;SENSOR GND;SNS-05;0,5;BN;SPL-SG-MAIN (Sensor GND — départ ECU)
CMC1.H2;VR GND;SYNC-06;0,5;BN;SPL-VRG (VR GND (PMH + AAC))
CMC1.H3;TRIGGER;SYNC-01;0,5;WH;CRANK.2 (Signal Hall)
CMC1.H4;HOME / CAM;SYNC-04;0,5;WH;CAM.1 (Signal (+))
CMC1.J1;ANALOG IN 1 (TEMP);SNS-13;0,5;YE/BN;OIL.5 (Température NTC)
CMC1.J2;ANALOG IN 2 (TEMP);SNS-15;0,5;YE/VT;FUEL.5 (Température NTC)
CMC1.J3;ANALOG IN 3 (0-5 V);DBW-04;0,5;WH/BK;ETB.4 (TPS 2)
CMC1.J4;ANALOG IN 4 (0-5 V);DBW-10;0,5;WH/BU;APP.4 (Signal piste 1)
CMC1.K1;INJECTOR CYL 1;INJ-01;0,75;GY;INJ1.2 (Commande ECU)
CMC1.K2;INJECTOR CYL 2;INJ-02;0,75;GY;INJ2.2 (Commande ECU)
CMC1.K3;DIGITAL IN 1;COM-07;0,5;WH/RD;K6.30 (Contact → entrée DIN1 (CMC1 K3))
CMC1.K4;DIGITAL IN 2;COM-08;0,5;WH/OG;K7.30 (Contact → entrée DIN2 (CMC1 K4))
CMC1.L1;INJECTOR CYL 8;LIBRE;;;
CMC1.L2;INJECTOR CYL 7;LIBRE;;;
CMC1.L3;INJECTOR CYL 6;INJ-06;0,75;GY;INJ6.2 (Commande ECU)
CMC1.L4;ENGINE GROUND;GND-01;1,5;BK;GP-HEAD (Masse moteur ECU (goujon arrière culasse))
CMC1.M1;INJECTOR CYL 3;INJ-03;0,75;GY;INJ3.2 (Commande ECU)
CMC1.M2;INJECTOR CYL 4;INJ-04;0,75;GY;INJ4.2 (Commande ECU)
CMC1.M3;INJECTOR CYL 5;INJ-05;0,75;GY;INJ5.2 (Commande ECU)
CMC1.M4;+12 V ECU;PWR-05;1;RD/WH;F1.2 (Sortie)
CMC2.A1;EGT5+;LIBRE;;;
CMC2.A2;EGT6+;LIBRE;;;
CMC2.A3;EGT7+;LIBRE;;;
CMC2.A4;EGT8+;LIBRE;;;
CMC2.B1;EGT5-;LIBRE;;;
CMC2.B2;EGT6-;LIBRE;;;
CMC2.B3;EGT7-;LIBRE;;;
CMC2.B4;EGT8-;LIBRE;;;
CMC2.C1;EGT1+;WBO-07;0,5;YE;EGT1.+ (K+ (chromel))
CMC2.C2;EGT2+;LIBRE;;;
CMC2.C3;EGT3+;LIBRE;;;
CMC2.C4;EGT4+;LIBRE;;;
CMC2.D1;EGT1-;WBO-08;0,5;RD;EGT1.- (K− (alumel))
CMC2.D2;EGT2-;LIBRE;;;
CMC2.D3;EGT3-;LIBRE;;;
CMC2.D4;EGT4-;LIBRE;;;
CMC2.E1;KNOCK GND;KNK-05;0,5;BN;SPL-KGND (Knock GND (2 capteurs))
CMC2.E2;KNOCK 1;KNK-01;0,5;WH;KS1.1 (Signal)
CMC2.E3;KNOCK 2;KNK-03;0,5;WH;KS2.1 (Signal)
CMC2.E4;ANALOG IN 6 (0-5 V);SNS-14;0,5;WH/BN;OIL.2 (Pression 0,5–4,5 V)
CMC2.F1;ANALOG IN 7 (0-5 V);SNS-16;0,5;WH/VT;FUEL.2 (Pression 0,5–4,5 V)
CMC2.F2;ANALOG IN 8 (0-5 V);LIBRE;;;
CMC2.F3;DIGITAL / VR IN 4;COM-09;0,5;WH/GY;K8.30 (Contact → entrée DIN4 (CMC2 F3))
CMC2.F4;DIGITAL / VR IN 5;COM-10;0,5;WH/PK;K9.30 (Contact → entrée DIN5 (CMC2 F4))
CMC2.G1;GP OUT 15 (+12 V, 2 A);LIBRE;;;
CMC2.G2;GP OUT 16 (+12 V, 2 A);LIBRE;;;
CMC2.G3;ANALOG IN 5 (0-5 V);DBW-12;0,5;WH/GN;APP.6 (Signal piste 2)
CMC2.G4;ENGINE GROUND 2;GND-02;1,5;BK;GP-HEAD (Masse moteur ECU (goujon arrière culasse))
CMC2.H1;MOTOR 2+ / GPO 14;LIBRE;;;
CMC2.H2;MOTOR 1- / GPO 11;DBW-06;1;PK/BK;ETB.5 (Moteur −)
CMC2.H3;MOTOR 2- / GPO 13;LIBRE;;;
CMC2.H4;MOTOR 1+ / GPO 12;DBW-05;1;PK;ETB.3 (Moteur +)
