Repère;Section mm²;Couleur;Longueur coupe m;Câble;Faisceau;De;Fonction (de);Vers;Fonction (vers);Planche;Fusible amont;Note
PWR-01;10;RD;0,20;;CHS;BATT.+;+12 V batterie;F0.1;Entrée;Alimentation & relais principal;;Fusible au plus près de la batterie / borne B+
PWR-02;10;RD;0,70;;CHS;F0.2;Sortie;BUS30;Barrette +12 V permanent;Alimentation & relais principal;F0;
RLY-11;4;BK;0,20;;ENG;FAN.-;Masse;GP-CH-AV;Masse caisse avant (ventilateur);Pompe à essence & ventilateur;;
RLY-07;4;RD;0,20;;PDM;F9.2;Sortie;K3.30;Contact — entrée;Pompe à essence & ventilateur;F9;
RLY-10;4;RD/BU;2,90;;ENG;K3.87;Contact — sortie;FAN.+;+12 V;Pompe à essence & ventilateur;F9;
IGN-27;2,5;BK;0,55;;ENG;SPL-COIL-PGND;Masse puissance bobines (broches 4);GP-COIL;Masse bobines (goujon culasse, voisin);Allumage — 6 bobines intelligentes;;
RLY-09;2,5;BK;0,20;;CHS;PUMP.-;Masse;GP-CH-AR;Masse caisse arrière (pompe);Pompe à essence & ventilateur;;
PWR-03;2,5;RD;0,20;;PDM;F10.2;Sortie;K1.30;Contact — entrée;Alimentation & relais principal;F10;
RLY-06;2,5;RD;0,20;;PDM;F8.2;Sortie;K2.30;Contact — entrée;Pompe à essence & ventilateur;F8;
IGN-07;2,5;RD/WH;1,70;;ENG;F2.2;Sortie;SPL-COIL12;+12 V bobines;Allumage — 6 bobines intelligentes;F2;
PWR-04;2,5;RD/WH;0,20;;PDM;K1.87;Contact — sortie;BUS87;Barrette +12 V commuté (relais principal);Alimentation & relais principal;F10;
RLY-08;2,5;RD/YE;3,70;;CHS;K2.87;Contact — sortie;PUMP.+;+12 V;Pompe à essence & ventilateur;F8;
GND-01;1,5;BK;1,45;;ENG;CMC1.L4;ENGINE GROUND;GP-HEAD;Masse moteur ECU (goujon arrière culasse);Masses ECU;;Même point que CMC2 G4
GND-02;1,5;BK;1,45;;ENG;CMC2.G4;ENGINE GROUND 2;GP-HEAD;Masse moteur ECU (goujon arrière culasse);Masses ECU;;Obligatoire — même point que CMC1 L4
IGN-20;1,5;BK;0,55;;ENG;SPL-COIL-SGND;Masse électronique bobines (broches 2);GP-COIL;Masse bobines (goujon culasse, voisin);Allumage — 6 bobines intelligentes;;
IGN-21;1;BK;0,45;;ENG;COIL1.4;Masse puissance;SPL-COIL-PGND;Masse puissance bobines (broches 4);Allumage — 6 bobines intelligentes;;
IGN-22;1;BK;0,35;;ENG;COIL2.4;Masse puissance;SPL-COIL-PGND;Masse puissance bobines (broches 4);Allumage — 6 bobines intelligentes;;
IGN-23;1;BK;0,30;;ENG;COIL3.4;Masse puissance;SPL-COIL-PGND;Masse puissance bobines (broches 4);Allumage — 6 bobines intelligentes;;
IGN-24;1;BK;0,20;;ENG;COIL4.4;Masse puissance;SPL-COIL-PGND;Masse puissance bobines (broches 4);Allumage — 6 bobines intelligentes;;
IGN-25;1;BK;0,30;;ENG;COIL5.4;Masse puissance;SPL-COIL-PGND;Masse puissance bobines (broches 4);Allumage — 6 bobines intelligentes;;
IGN-26;1;BK;0,35;;ENG;COIL6.4;Masse puissance;SPL-COIL-PGND;Masse puissance bobines (broches 4);Allumage — 6 bobines intelligentes;;
WBO-05;1;GN;2,30;;ENG;CMC1.D1;WBO2 HTR (pin 3 LSU 4.9) / GP OUT 9;LSU.3;Chauffage −;Lambda LSU 4.9 & EGT;;Chauffage − piloté par GPO9 (5 A)
DBW-05;1;PK;2,35;C-ETBM;ENG;CMC2.H4;MOTOR 1+ / GPO 12;ETB.3;Moteur +;Papillon motorisé & pédale;;
DBW-06;1;PK/BK;2,35;C-ETBM;ENG;CMC2.H2;MOTOR 1- / GPO 11;ETB.5;Moteur −;Papillon motorisé & pédale;;
ACT-03;1;RD/WH;2,20;;ENG;F5.2;Sortie;SPL-ACT12;+12 V actionneurs;VANOS & MAC valve (boost);F5;
IGN-08;1;RD/WH;0,45;;ENG;SPL-COIL12;+12 V bobines;COIL1.1;+12 V;Allumage — 6 bobines intelligentes;F2;
IGN-09;1;RD/WH;0,35;;ENG;SPL-COIL12;+12 V bobines;COIL2.1;+12 V;Allumage — 6 bobines intelligentes;F2;
IGN-10;1;RD/WH;0,30;;ENG;SPL-COIL12;+12 V bobines;COIL3.1;+12 V;Allumage — 6 bobines intelligentes;F2;
IGN-11;1;RD/WH;0,20;;ENG;SPL-COIL12;+12 V bobines;COIL4.1;+12 V;Allumage — 6 bobines intelligentes;F2;
IGN-12;1;RD/WH;0,30;;ENG;SPL-COIL12;+12 V bobines;COIL5.1;+12 V;Allumage — 6 bobines intelligentes;F2;
IGN-13;1;RD/WH;0,35;;ENG;SPL-COIL12;+12 V bobines;COIL6.1;+12 V;Allumage — 6 bobines intelligentes;F2;
INJ-07;1;RD/WH;1,80;;ENG;F3.2;Sortie;SPL-INJ12;+12 V injecteurs;Injection — 6 × 870 cc;F3;
PWR-05;1;RD/WH;0,60;;PDM;F1.2;Sortie;CMC1.M4;+12 V ECU;Alimentation & relais principal;F1;Alimentation ECU (15 A, préconisation MaxxECU)
WBO-06;1;RD/WH;2,30;;ENG;F4.2;Sortie;LSU.4;Chauffage +12 V;Lambda LSU 4.9 & EGT;F4;
IGN-14;0,75;BK;0,45;;ENG;COIL1.2;Masse électronique;SPL-COIL-SGND;Masse électronique bobines (broches 2);Allumage — 6 bobines intelligentes;;
IGN-15;0,75;BK;0,35;;ENG;COIL2.2;Masse électronique;SPL-COIL-SGND;Masse électronique bobines (broches 2);Allumage — 6 bobines intelligentes;;
IGN-16;0,75;BK;0,30;;ENG;COIL3.2;Masse électronique;SPL-COIL-SGND;Masse électronique bobines (broches 2);Allumage — 6 bobines intelligentes;;
IGN-17;0,75;BK;0,20;;ENG;COIL4.2;Masse électronique;SPL-COIL-SGND;Masse électronique bobines (broches 2);Allumage — 6 bobines intelligentes;;
IGN-18;0,75;BK;0,30;;ENG;COIL5.2;Masse électronique;SPL-COIL-SGND;Masse électronique bobines (broches 2);Allumage — 6 bobines intelligentes;;
IGN-19;0,75;BK;0,35;;ENG;COIL6.2;Masse électronique;SPL-COIL-SGND;Masse électronique bobines (broches 2);Allumage — 6 bobines intelligentes;;
ACT-01;0,75;GN;2,70;;ENG;CMC1.B4;GP OUT 1;MAC.2;Commande GPO1;VANOS & MAC valve (boost);;GPO1 = boost (préconisation MaxxECU M50)
ACT-02;0,75;GN;2,30;;ENG;CMC1.D4;GP OUT 3;VANOS.2;Commande (masse);VANOS & MAC valve (boost);;GPO3 — voir contrôle de courant (alternative INJ7 / L2)
INJ-01;0,75;GY;2,10;;ENG;CMC1.K1;INJECTOR CYL 1;INJ1.2;Commande ECU;Injection — 6 × 870 cc;;
INJ-02;0,75;GY;2,00;;ENG;CMC1.K2;INJECTOR CYL 2;INJ2.2;Commande ECU;Injection — 6 × 870 cc;;
INJ-03;0,75;GY;1,90;;ENG;CMC1.M1;INJECTOR CYL 3;INJ3.2;Commande ECU;Injection — 6 × 870 cc;;
INJ-04;0,75;GY;1,80;;ENG;CMC1.M2;INJECTOR CYL 4;INJ4.2;Commande ECU;Injection — 6 × 870 cc;;
INJ-05;0,75;GY;1,75;;ENG;CMC1.M3;INJECTOR CYL 5;INJ5.2;Commande ECU;Injection — 6 × 870 cc;;
INJ-06;0,75;GY;1,65;;ENG;CMC1.L3;INJECTOR CYL 6;INJ6.2;Commande ECU;Injection — 6 × 870 cc;;
ACT-04;0,75;RD/WH;2,30;;ENG;SPL-ACT12;+12 V actionneurs;MAC.1;+12 V;VANOS & MAC valve (boost);F5;
ACT-05;0,75;RD/WH;0,30;;ENG;SPL-ACT12;+12 V actionneurs;VANOS.1;+12 V;VANOS & MAC valve (boost);F5;
INJ-08;0,75;RD/WH;0,45;;ENG;SPL-INJ12;+12 V injecteurs;INJ1.1;+12 V;Injection — 6 × 870 cc;F3;
INJ-09;0,75;RD/WH;0,35;;ENG;SPL-INJ12;+12 V injecteurs;INJ2.1;+12 V;Injection — 6 × 870 cc;F3;
INJ-10;0,75;RD/WH;0,30;;ENG;SPL-INJ12;+12 V injecteurs;INJ3.1;+12 V;Injection — 6 × 870 cc;F3;
INJ-11;0,75;RD/WH;0,20;;ENG;SPL-INJ12;+12 V injecteurs;INJ4.1;+12 V;Injection — 6 × 870 cc;F3;
INJ-12;0,75;RD/WH;0,30;;ENG;SPL-INJ12;+12 V injecteurs;INJ5.1;+12 V;Injection — 6 × 870 cc;F3;
INJ-13;0,75;RD/WH;0,35;;ENG;SPL-INJ12;+12 V injecteurs;INJ6.1;+12 V;Injection — 6 × 870 cc;F3;
PWR-08;0,5;BK;0,20;;PDM;K1.85;Bobine −;GP-CH;Masse caisse E-box;Alimentation & relais principal;;
SYNC-07;0,5;BK/WH;0,20;;ENG;SPL-SHLD;Blindages → Shield GND;CMC1.E3;SHIELD GND;Synchronisation PMH / AAC & blindages;;Blindages reliés côté ECU uniquement
DBW-02;0,5;BN;1,15;;ENG;SPL-SG-ENG;Sensor GND — branche moteur;ETB.6;Masse capteur;Papillon motorisé & pédale;;
DBW-07;0,5;BN;0,90;;ENG;SPL-SG-MAIN;Sensor GND — départ ECU;XINT.2;Pédale masse 1;Papillon motorisé & pédale;;
DBW-08;0,5;BN;0,90;;ENG;SPL-SG-MAIN;Sensor GND — départ ECU;XINT.3;Pédale masse 2;Papillon motorisé & pédale;;
DBW-13;0,5;BN;1,10;;CAB;XINT.2;Pédale masse 1;APP.1;Masse piste 1;Papillon motorisé & pédale;;
DBW-14;0,5;BN;1,10;;CAB;XINT.3;Pédale masse 2;APP.2;Masse piste 2;Papillon motorisé & pédale;;
KNK-02;0,5;BN;2,25;C-KS1;ENG;SPL-KGND;Knock GND (2 capteurs);KS1.2;Retour;Cliquetis;;
KNK-04;0,5;BN;2,00;C-KS2;ENG;SPL-KGND;Knock GND (2 capteurs);KS2.2;Retour;Cliquetis;;
KNK-05;0,5;BN;0,20;;ENG;CMC2.E1;KNOCK GND;SPL-KGND;Knock GND (2 capteurs);Cliquetis;;
SNS-05;0,5;BN;0,20;;ENG;CMC1.H1;SENSOR GND;SPL-SG-MAIN;Sensor GND — départ ECU;Capteurs température / pression & distribution 5 V / Sensor GND;;
SNS-06;0,5;BN;1,40;;ENG;SPL-SG-MAIN;Sensor GND — départ ECU;SPL-SG-ENG;Sensor GND — branche moteur;Capteurs température / pression & distribution 5 V / Sensor GND;;
SNS-07;0,5;BN;1,35;;ENG;SPL-SG-ENG;Sensor GND — branche moteur;IAT.2;Retour;Capteurs température / pression & distribution 5 V / Sensor GND;;
SNS-08;0,5;BN;1,15;;ENG;SPL-SG-ENG;Sensor GND — branche moteur;CLT.2;Retour;Capteurs température / pression & distribution 5 V / Sensor GND;;
SNS-09;0,5;BN;1,10;;ENG;SPL-SG-ENG;Sensor GND — branche moteur;OIL.4;Masse capteur;Capteurs température / pression & distribution 5 V / Sensor GND;;
SNS-10;0,5;BN;0,65;;ENG;SPL-SG-ENG;Sensor GND — branche moteur;FUEL.4;Masse capteur;Capteurs température / pression & distribution 5 V / Sensor GND;;
SYNC-02;0,5;BN;2,65;C-CRANK;ENG;SPL-VRG;VR GND (PMH + AAC);CRANK.3;Masse capteur;Synchronisation PMH / AAC & blindages;;
SYNC-05;0,5;BN;2,30;C-CAM;ENG;SPL-VRG;VR GND (PMH + AAC);CAM.2;Retour (−);Synchronisation PMH / AAC & blindages;;CORRIGÉ : retour AAC sur VR GND (H2), pas sur Sensor GND
SYNC-06;0,5;BN;0,20;;ENG;CMC1.H2;VR GND;SPL-VRG;VR GND (PMH + AAC);Synchronisation PMH / AAC & blindages;;
WBO-04;0,5;BN;2,30;C-LSU;ENG;CMC1.F4;WBO2 VS / O2 IN;LSU.6;VS (UN / Nernst);Lambda LSU 4.9 & EGT;;
IGN-01;0,5;BU;2,00;;ENG;CMC1.A2;IGNITION CYL 1;COIL1.3;Commande IGN;Allumage — 6 bobines intelligentes;;
IGN-02;0,5;BU;1,90;;ENG;CMC1.A3;IGNITION CYL 2;COIL2.3;Commande IGN;Allumage — 6 bobines intelligentes;;
IGN-03;0,5;BU;1,80;;ENG;CMC1.B2;IGNITION CYL 3;COIL3.3;Commande IGN;Allumage — 6 bobines intelligentes;;
IGN-04;0,5;BU;1,70;;ENG;CMC1.B3;IGNITION CYL 4;COIL4.3;Commande IGN;Allumage — 6 bobines intelligentes;;
IGN-05;0,5;BU;1,65;;ENG;CMC1.C2;IGNITION CYL 5;COIL5.3;Commande IGN;Allumage — 6 bobines intelligentes;;
IGN-06;0,5;BU;1,55;;ENG;CMC1.C3;IGNITION CYL 6;COIL6.3;Commande IGN;Allumage — 6 bobines intelligentes;;
RLY-01;0,5;GN;0,60;;PDM;CMC1.C4;GP OUT 2;K2.85;Bobine − (GPO2);Pompe à essence & ventilateur;;GPO2 = pompe
RLY-02;0,5;GN;0,60;;PDM;CMC1.B1;GP OUT 6;K3.85;Bobine − (GPO6);Pompe à essence & ventilateur;;GPO6 = ventilateur
WBO-03;0,5;GN;2,30;C-LSU;ENG;CMC1.G4;WBO2 RCAL;LSU.5;RCAL (IA);Lambda LSU 4.9 & EGT;;
COM-04;0,5;GN/BK;0,90;C-CAN;ENG;CMC1.E2;CAN L;XINT.10;CAN L;Interface habitacle (compte-tours, CAN);;
COM-06;0,5;GN/BK;1,80;;CAB;XINT.10;CAN L;CANDEV.L;CAN L;Interface habitacle (compte-tours, CAN);;
COM-01;0,5;GN/WH;0,90;;ENG;CMC1.A4;TACH / GP OUT 8;XINT.8;Compte-tours;Interface habitacle (compte-tours, CAN);;GPO8 = compte-tours
COM-02;0,5;GN/WH;1,50;;CAB;XINT.8;Compte-tours;CLUSTER.TD;Entrée régime;Interface habitacle (compte-tours, CAN);;
DBW-01;0,5;OG;1,15;;ENG;SPL-5V-ENG;+5 V — branche moteur;ETB.2;+5 V;Papillon motorisé & pédale;;
DBW-09;0,5;OG;0,90;;ENG;SPL-5V-MAIN;+5 V — départ ECU;XINT.4;Pédale +5 V (2);Papillon motorisé & pédale;;
DBW-11;0,5;OG;0,90;;ENG;SPL-5V-MAIN;+5 V — départ ECU;XINT.6;Pédale +5 V (1);Papillon motorisé & pédale;;
DBW-15;0,5;OG;1,10;;CAB;XINT.4;Pédale +5 V (2);APP.3;+5 V piste 2;Papillon motorisé & pédale;;
DBW-17;0,5;OG;1,10;;CAB;XINT.6;Pédale +5 V (1);APP.5;+5 V piste 1;Papillon motorisé & pédale;;
SNS-01;0,5;OG;0,20;;ENG;CMC1.G1;+5 V SENSOR SUPPLY;SPL-5V-MAIN;+5 V — départ ECU;Capteurs température / pression & distribution 5 V / Sensor GND;;
SNS-02;0,5;OG;1,40;;ENG;SPL-5V-MAIN;+5 V — départ ECU;SPL-5V-ENG;+5 V — branche moteur;Capteurs température / pression & distribution 5 V / Sensor GND;;
SNS-03;0,5;OG;1,10;;ENG;SPL-5V-ENG;+5 V — branche moteur;OIL.3;+5 V;Capteurs température / pression & distribution 5 V / Sensor GND;;
SNS-04;0,5;OG;0,65;;ENG;SPL-5V-ENG;+5 V — branche moteur;FUEL.3;+5 V;Capteurs température / pression & distribution 5 V / Sensor GND;;
SYNC-03;0,5;RD;2,65;C-CRANK;ENG;F6.2;Sortie;CRANK.1;+12 V;Synchronisation PMH / AAC & blindages;F6;Conducteur rouge du câble 3 voies, +12 V après relais
WBO-08;0,5;RD;1,95;C-EGT;ENG;CMC2.D1;EGT1-;EGT1.-;K− (alumel);Lambda LSU 4.9 & EGT;;Conducteur K− (rouge en norme ANSI, blanc en IEC)
RLY-03;0,5;RD/WH;0,20;;PDM;F7.2;Sortie;SPL-RLY;+12 V bobines relais;Pompe à essence & ventilateur;F7;
RLY-04;0,5;RD/WH;0,20;;PDM;SPL-RLY;+12 V bobines relais;K2.86;Bobine +;Pompe à essence & ventilateur;F7;
RLY-05;0,5;RD/WH;0,20;;PDM;SPL-RLY;+12 V bobines relais;K3.86;Bobine +;Pompe à essence & ventilateur;F7;
PWR-06;0,5;VT;1,00;;CAB;KEY.15;+15 contact;XINT.1;+15 contact;Alimentation & relais principal;;
PWR-07;0,5;VT;0,90;;PDM;XINT.1;+15 contact;K1.86;Bobine +;Alimentation & relais principal;;
DBW-03;0,5;WH;2,35;;ENG;CMC1.G2;THROTTLE SENSOR (TPS);ETB.1;TPS 1;Papillon motorisé & pédale;;
KNK-01;0,5;WH;2,25;C-KS1;ENG;CMC2.E2;KNOCK 1;KS1.1;Signal;Cliquetis;;
KNK-03;0,5;WH;2,00;C-KS2;ENG;CMC2.E3;KNOCK 2;KS2.1;Signal;Cliquetis;;
SYNC-01;0,5;WH;2,65;C-CRANK;ENG;CMC1.H3;TRIGGER;CRANK.2;Signal Hall;Synchronisation PMH / AAC & blindages;;
SYNC-04;0,5;WH;2,30;C-CAM;ENG;CMC1.H4;HOME / CAM;CAM.1;Signal (+);Synchronisation PMH / AAC & blindages;;
WBO-01;0,5;WH;2,30;C-LSU;ENG;CMC1.G3;WBO2 IP;LSU.1;IP (pompe);Lambda LSU 4.9 & EGT;;
DBW-04;0,5;WH/BK;2,35;;ENG;CMC1.J3;ANALOG IN 3 (0-5 V);ETB.4;TPS 2;Papillon motorisé & pédale;;
SNS-14;0,5;WH/BN;2,30;;ENG;CMC2.E4;ANALOG IN 6 (0-5 V);OIL.2;Pression 0,5–4,5 V;Capteurs température / pression & distribution 5 V / Sensor GND;;
DBW-10;0,5;WH/BU;0,90;;ENG;CMC1.J4;ANALOG IN 4 (0-5 V);XINT.5;Pédale signal 1;Papillon motorisé & pédale;;
DBW-16;0,5;WH/BU;1,10;;CAB;XINT.5;Pédale signal 1;APP.4;Signal piste 1;Papillon motorisé & pédale;;
DBW-12;0,5;WH/GN;0,90;;ENG;CMC2.G3;ANALOG IN 5 (0-5 V);XINT.7;Pédale signal 2;Papillon motorisé & pédale;;
DBW-18;0,5;WH/GN;1,10;;CAB;XINT.7;Pédale signal 2;APP.6;Signal piste 2;Papillon motorisé & pédale;;
SNS-16;0,5;WH/VT;1,85;;ENG;CMC2.F1;ANALOG IN 7 (0-5 V);FUEL.2;Pression 0,5–4,5 V;Capteurs température / pression & distribution 5 V / Sensor GND;;
SNS-12;0,5;YE;2,35;;ENG;CMC1.F1;COOLANT SENSOR (CLT);CLT.1;Signal NTC;Capteurs température / pression & distribution 5 V / Sensor GND;;
WBO-02;0,5;YE;2,30;C-LSU;ENG;CMC1.F3;WBO2 COM;LSU.2;VM / COM;Lambda LSU 4.9 & EGT;;
WBO-07;0,5;YE;1,95;C-EGT;ENG;CMC2.C1;EGT1+;EGT1.+;K+ (chromel);Lambda LSU 4.9 & EGT;;Conducteur K+ (jaune en norme ANSI, vert en IEC)
COM-03;0,5;YE/BK;0,90;C-CAN;ENG;CMC1.E1;CAN H (120 Ω intégrée);XINT.9;CAN H;Interface habitacle (compte-tours, CAN);;
COM-05;0,5;YE/BK;1,80;;CAB;XINT.9;CAN H;CANDEV.H;CAN H;Interface habitacle (compte-tours, CAN);;
SNS-11;0,5;YE/BK;2,55;;ENG;CMC1.F2;AIR TEMP SENSOR (IAT);IAT.1;Signal NTC;Capteurs température / pression & distribution 5 V / Sensor GND;;
SNS-13;0,5;YE/BN;2,30;;ENG;CMC1.J1;ANALOG IN 1 (TEMP);OIL.5;Température NTC;Capteurs température / pression & distribution 5 V / Sensor GND;;
SNS-15;0,5;YE/VT;1,85;;ENG;CMC1.J2;ANALOG IN 2 (TEMP);FUEL.5;Température NTC;Capteurs température / pression & distribution 5 V / Sensor GND;;
