Catégorie;Article;Quantité;Unité;Détail
Faisceau MaxxECU (fourni);Connecteur 1 — Molex CMC 48 voies — fils MaxxECU de 3 m déjà sertis et repérés;1;pc;41 fils utilisés sur 48. Fils libres, à laisser à longueur, bout isolé sous gaine thermo et replié dans le faisceau : A1 GP OUT 5, (A1), A4 TACH/GP OUT 8, (A4), D2 IGNITION CYL 7, (D2), D3 IGNITION CYL 8, (D3), E4 GP OUT 4, (E4), L1 INJECTOR CYL 8, (L1), L2 INJECTOR CYL 7, (L2)
Faisceau MaxxECU (fourni);Connecteur 2 — Molex CMC 32 voies — fils MaxxECU de 3 m déjà sertis et repérés;1;pc;13 fils utilisés sur 32. Fils libres, à laisser à longueur, bout isolé sous gaine thermo et replié dans le faisceau : A1 EGT5+, A2 EGT6+, A3 EGT7+, A4 EGT8+, B1 EGT5-, B2 EGT6-, B3 EGT7-, B4 EGT8-, C2 EGT2+, C3 EGT3+, C4 EGT4+, D2 EGT2-, D3 EGT3-, D4 EGT4-, F2 ANALOG IN 8 (0-5V), G1 GP OUT 15 (12V), G2 GP OUT 16 (12V), H1 MOTOR 2+, H3 MOTOR 2-
Connecteurs;BMW 3 voies (capteur M52);1;pc;CRANK — 3 contacts
Connecteurs;BMW 6 voies (papillon M54);1;pc;ETB — 6 contacts
Connecteurs;Bosch 2 voies;2;pc;KS1, KS2 — 4 contacts
Connecteurs;Bosch EV1 / JPT 2 voies;6;pc;INJ1, INJ2, INJ3, INJ4, INJ5, INJ6 — 12 contacts
Connecteurs;Bosch JPT 2 voies;3;pc;IAT, CLT, VANOS — 6 contacts
Connecteurs;Bosch JPT 3 voies;1;pc;CAM — 3 contacts
Connecteurs;Connecteur 2 voies du ventilateur;1;pc;FAN — 2 contacts
Connecteurs;Connecteur Bosch du capteur (broche 1 non câblée);2;pc;OIL, FUEL — 8 contacts
Connecteurs;Contre-connecteur LSU 4.9 6 voies côté faisceau (Bosch D 261 205 356-01 ou kit Bosch Motorsport 1 987 280 016) — celui de la LSU 4.2 du kit ne s'adapte pas;1;pc;LSU — 6 contacts
Connecteurs;Cosse / fiche D+ de l'alternateur;1;pc;ALT — 1 contacts
Connecteurs;Cosse de la borne 50 (selon démarreur);1;pc;STARTER — 1 contacts
Connecteurs;Selon pompe;1;pc;PUMP — 2 contacts
Connecteurs;Selon voyant;1;pc;LAMP — 2 contacts
Connecteurs;Superseal 1.5 2 voies (conseillé);1;pc;MAC — 2 contacts
Connecteurs;TE MQS 6 voies;1;pc;APP — 6 contacts
Connecteurs;VAG 4 voies (1J0 973 724);6;pc;COIL1, COIL2, COIL3, COIL4, COIL5, COIL6 — 24 contacts
Protection;Fusible 5 A;2;pc;
Protection;Fusible 10 A;2;pc;
Protection;Fusible 15 A;2;pc;
Protection;Fusible 20 A;1;pc;
Protection;Fusible 30 A;3;pc;
Protection;Fusible MAXI 80 A;1;pc;
Protection;Relais ISO mini 40 A;3;pc;
Protection;Relais ISO mini 30/40 A;1;pc;
Protection;Relais ISO mini 4 broches (contact travail);5;pc;
Épissures;Manchon non isolé 6–10 mm² (ou soudure ultrasons) + thermo à colle 3:1;4;pc;SPL-COIL12 (6 mm²), SPL-COIL-SGND (4,5 mm²), SPL-COIL-PGND (6 mm²), SPL-INJ12 (4,5 mm²)
Épissures;Épissure D-436-38 (≤ 3,3 mm² par côté) + thermo à colle;8;pc;SPL-5V-MAIN (1,5 mm²), SPL-5V-ENG (2 mm²), SPL-SG-MAIN (2 mm²), SPL-SG-ENG (2,5 mm²), SPL-ACT12 (2,25 mm²), SPL-RLY (1,5 mm²), SPL-SG-PAD (2,5 mm²), SPL-GND-PAD (2,5 mm²)
Masses;Cosse œillet M8 étamée — GP-HEAD;2;pc;Masse moteur ECU (goujon arrière culasse)
Masses;Cosse œillet M8 étamée — GP-COIL;2;pc;Masse bobines (goujon culasse, voisin)
Masses;Cosse œillet M8 étamée — GP-CH;3;pc;Masse caisse habitacle (PDM)
Masses;Cosse œillet M8 étamée — GP-CH-AV;1;pc;Masse caisse avant (ventilateur)
Masses;Cosse œillet M8 étamée — GP-CH-AR;1;pc;Masse caisse arrière (pompe)
Fil;FLRY-B 0,5 mm² BK;1,5;m;coupe 1,40 m + 10 %
Fil;FLRY-B 0,5 mm² BN;12,9;m;coupe 11,70 m + 10 %
Fil;FLRY-B 0,5 mm² OG;9,9;m;coupe 9,00 m + 10 %
Fil;FLRY-B 0,5 mm² RD/WH;2,4;m;coupe 2,15 m + 10 %
Fil;FLRY-B 0,5 mm² VT;1,7;m;coupe 1,55 m + 10 %
Fil;FLRY-B 0,5 mm² VT/GY;1,2;m;coupe 1,05 m + 10 %
Fil;FLRY-B 0,5 mm² VT/OG;1,2;m;coupe 1,05 m + 10 %
Fil;FLRY-B 0,5 mm² VT/PK;1,2;m;coupe 1,05 m + 10 %
Fil;FLRY-B 0,5 mm² VT/RD;1,2;m;coupe 1,05 m + 10 %
Fil;FLRY-B 0,5 mm² VT/WH;1,2;m;coupe 1,05 m + 10 %
Fil;FLRY-B 0,5 mm² VT/YE;1,5;m;coupe 1,35 m + 10 %
Fil;FLRY-B 0,75 mm² BK;2,4;m;coupe 2,15 m + 10 %
Fil;FLRY-B 0,75 mm² BU/RD;4,3;m;coupe 3,95 m + 10 %
Fil;FLRY-B 0,75 mm² GN;0,3;m;coupe 0,25 m + 10 %
Fil;FLRY-B 0,75 mm² RD;1,5;m;coupe 1,35 m + 10 %
Fil;FLRY-B 0,75 mm² RD/WH;6,9;m;coupe 6,25 m + 10 %
Fil;FLRY-B 1 mm² BK;2,1;m;coupe 1,95 m + 10 %
Fil;FLRY-B 1 mm² RD/WH;6,8;m;coupe 6,15 m + 10 %
Fil;FLRY-B 1,5 mm² BK;0,6;m;coupe 0,55 m + 10 %
Fil;FLRY-B 2,5 mm² BK;0,6;m;coupe 0,55 m + 10 %
Fil;FLRY-B 2,5 mm² RD;2,0;m;coupe 1,80 m + 10 %
Fil;FLRY-B 2,5 mm² RD/WH;3,7;m;coupe 3,40 m + 10 %
Fil;FLRY-B 2,5 mm² VT/YE;2,8;m;coupe 2,50 m + 10 %
Fil;FLRY-B 4 mm² BK;0,4;m;coupe 0,40 m + 10 %
Fil;FLRY-B 4 mm² RD/BU;2,5;m;coupe 2,30 m + 10 %
Fil;FLRY-B 4 mm² RD/YE;3,5;m;coupe 3,20 m + 10 %
Fil;FLRY-B 10 mm² RD;1,9;m;coupe 1,75 m + 10 %
Câble;Rallonge C-CRANK : câble 2 × 0,5 mm² torsadé blindé;0,4;m;seulement si le câble MaxxECU est trop court une fois posé
Gaine;DR-25 12.7/6.4 mm;1,0;m;selon tronçons du formboard
Gaine;DR-25 19.1/9.5 mm;1,4;m;selon tronçons du formboard
Gaine;DR-25 25.4/12.7 mm;1,8;m;selon tronçons du formboard
Gaine;DR-25 3.2/1.6 mm;0,8;m;selon tronçons du formboard
Gaine;DR-25 4.8/2.4 mm;8,0;m;selon tronçons du formboard
Gaine;DR-25 6.4/3.2 mm;3,7;m;selon tronçons du formboard
Gaine;DR-25 9.5/4.8 mm;1,7;m;selon tronçons du formboard
Repérage;Étiquettes thermo imprimables (repère de fil);249;pc;une à chaque extrémité des fils neufs, une côté composant pour les fils MaxxECU
Faisceau MaxxECU (fourni);Fil sans broche « 12V ECU, (C) » (RD);1;pc;relié à M4 (+12 V ECU) — c'est lui qui va à F1 (fil PWR-13)
Faisceau MaxxECU (fourni);Fil sans broche « 12V LAMBDA (PIN 3) » (RD);1;pc;"relié à M4 : sous tension dès que F1 l'est — isoler le bout sous gaine thermo (« PIN 3 » = numérotation LSU 4.2 ; le chauffage de ta LSU 4.9 est alimenté par F4) ; ne jamais le relier à F4"
Faisceau MaxxECU (fourni);Fil sans broche « 12V INJECTORS » (RD);1;pc;"relié à M4 : sous tension dès que F1 l'est — isoler le bout ; ne jamais le relier à l'épissure +12 V injecteurs (F3)"
Faisceau MaxxECU (fourni);Fil sans broche « 12V GP OUT » (RD);1;pc;"relié à M4 : sous tension dès que F1 l'est — isoler le bout ; ne jamais le relier aux +12 V des actionneurs (F4) ni des relais (F5)"
Faisceau MaxxECU (fourni);Fil sans broche « 12V IGNITION, (D) » (RD);1;pc;relié au fil « +12v power supply for ignition coils », non alimenté — isoler les deux bouts : les bobines sont alimentées par F2
Faisceau MaxxECU (fourni);Fil sans broche « noir sur ENGINE GROUND (L4) » (BK);1;pc;relié à L4 — le serrer au goujon GP-HEAD avec le fil marron L4, ou l'isoler
Protection;Boîte à fusibles 10 voies (la tienne), une entrée par fusible;1;pc;F1 à F5 alimentés par 5 ponts de 2,5 mm² depuis le répartiteur +87 (BUS87), F6 à F10 par 5 ponts de 2,5 mm² depuis le répartiteur +30 (BUS30) : voir la planche Alimentation
Protection;Répartiteur d'alimentation à goujon M6 isolé, avec capot, 60 A mini;1;pc;BUS30 (+12 V permanent) : reçoit PWR-02 (10 mm², depuis F0) et les 5 ponts vers F6 à F10
Protection;Répartiteur d'alimentation à goujon M6 isolé, avec capot, 30 A mini;1;pc;BUS87 (+12 V commuté) : reçoit PWR-07 (2,5 mm², depuis K1.87) et les 5 ponts vers F1 à F5
Cosses;Cosse œillet M6 pour 2,5 mm²;11;pc;10 ponts vers les fusibles + PWR-07, côté répartiteurs
Protection;Support de relais ISO mini étanche (lames 6,3 mm);9;pc;"K1 à K4 (moteur) et K5 à K9 (boutons du pad), fixés à côté de la boîte à fusibles ; les cosses de K2 et K3 acceptent le 4 mm² de la pompe et du ventilateur"
Montage;Passe-fil caoutchouc étanche pour la traversée du tablier;1;pc;"à l'emplacement de la boîte électronique d'origine ; Ø intérieur ≥ 25 mm (toron d'environ 20 mm + gaine)"
Protection;Porte-fusible MAXI étanche, entrée / sortie 10 mm²;1;pc;F0 — borne B+ baie moteur
Cosses;Cosse œillet tubulaire étamée 10 mm²;4;pc;PWR-01 (B+ M8 et F0), PWR-02 (F0 et répartiteur +30 BUS30) : diamètres selon porte-fusible
Contacts;Contacts, joints de fil et bouchons pour chaque connecteur capteur / actionneur;1;lot;"JPT / EV1, VAG 1J0 973 724, BMW, MQS, Superseal, contre-connecteur LSU : référence de contact selon la section de chaque fil (liste de coupe) ; pour les fils MaxxECU, section non publiée (« ≈ » dans la liste) : choisir contact et joint d'après la section et l'isolant mesurés sur le fil reçu"
Faisceau MaxxECU (fourni);Connecteurs EGT mini-K (type K);8;pc;"fournis avec le faisceau 2 ; un seul utilisé (EGT1)"
Faisceau MaxxECU (fourni);Sonde lambda Bosch LSU 4.2 et son connecteur 6 voies;1;pc;fournis dans le kit Premium, non utilisés : tu montes une LSU 4.9 (brochage différent)
Faisceau MaxxECU (fourni);Câble d'installation MaxxECU (bobines de couleur);1;lot;fourni dans le kit : utilisable pour les fils qui ne partent pas de l'ECU (alimentations, relais, pad, rallonges), section à vérifier sur chaque bobine
Épissures;Manchons à souder (Raychem D-436-36 ou équivalent) pour rallonges de fils MaxxECU;5;pc;MAC (GPO1) et câble TRIGGER si trop courts une fois posés, plus réserve
Gaine;Manchons de dérivation et embouts thermo à colle (Raychem 202K / 222K);1;lot;dérivations HB, T0, T1, FRONT, bobines, injecteurs, papillon, échappement
Gaine;Gaine réfléchissante fibre de verre aluminisée Ø 16 mm;1,2;m;sur la gaine de T0 → échappement → turbo (branches lambda et EGT)
Gaine;Gaine réfléchissante fibre de verre aluminisée Ø 25 mm;0,4;m;passage tablier → T0, côté échappement
Montage;Colliers P-clip inox à coussin silicone;6;pc;branche échappement / turbo : garder ≥ 150 mm du carter de turbine et de la descente, écran sinon
Repérage;Repères de connecteur (manchons imprimés);1;lot;un par connecteur, en plus des repères de fil
Montage;Goujon / vis M8 de masse sur culasse;2;pc;GP-HEAD (ECU) et GP-COIL (bobines), surfaces mises à nu
Montage;Colliers P-clip / fixations de faisceau;20;pc;un tous les 20–25 cm environ
Habitacle;Fusibles 5 A (au format du boîtier du pad);5;pc;circuits 4 à 8 du pad : remplacent les 30/20/15/10 A d'origine, chacun ne commande qu'une bobine de relais (0,15 A)
Habitacle;Interrupteur de contact 10 A et bouton démarreur poussoir fugitif 5 A;1;ens.;"à côté du pad ; le bouton démarreur mécanique est déjà en ta possession"
Câbles de puissance (hors faisceau);Câble batterie + (coffre) → borne 30 du démarreur et borne B+ de la baie;1;ens.;"câble d'origine E36 si conservé, sinon 35 mm² ; il alimente la borne B+ où se trouve F0"
Câbles de puissance (hors faisceau);Câble de charge alternateur B+ → borne 30 du démarreur;1;pc;16 mm² minimum (25 mm² si alternateur 140 A), cosses œillet M6/M8, gaine de protection
Câbles de puissance (hors faisceau);Tresse de masse moteur ↔ caisse;1;pc;"25 mm² minimum ; sur E36 la batterie est au coffre, tout le retour du démarreur passe par là"
Câbles de puissance (hors faisceau);Câble batterie − → caisse (coffre);1;pc;câble d'origine ou 35 mm², contact sur tôle mise à nu
